<?xml version="1.0" encoding="UTF-8"?>

<mule xmlns:api-gateway="http://www.mulesoft.org/schema/mule/api-gateway"
	xmlns:secure-properties="http://www.mulesoft.org/schema/mule/secure-properties" xmlns:http="http://www.mulesoft.org/schema/mule/http"
	xmlns="http://www.mulesoft.org/schema/mule/core"
	xmlns:doc="http://www.mulesoft.org/schema/mule/documentation" xmlns:xsi="http://www.w3.org/2001/XMLSchema-instance" xsi:schemaLocation="
http://www.mulesoft.org/schema/mule/http http://www.mulesoft.org/schema/mule/http/current/mule-http.xsd http://www.mulesoft.org/schema/mule/core http://www.mulesoft.org/schema/mule/core/current/mule.xsd
http://www.mulesoft.org/schema/mule/secure-properties http://www.mulesoft.org/schema/mule/secure-properties/current/mule-secure-properties.xsd
http://www.mulesoft.org/schema/mule/api-gateway http://www.mulesoft.org/schema/mule/api-gateway/current/mule-api-gateway.xsd">
	<http:listener-config name="HTTP_Listener_config" doc:name="HTTP Listener config" doc:id="2275497e-da23-494f-b790-918f30a545fd" >
		<http:listener-connection host="${http.listener.host}" port="${http.listener.port}" />
	</http:listener-config>
	<configuration-properties doc:name="Configuration properties" doc:id="f2589f4f-c7d6-4102-8c49-68da57b6ac07" file="${env}.properties" />
	<global-property doc:name="Global Property" doc:id="a7691cd6-b3aa-4cad-8135-48517841771d" name="env" value="local" />
	<secure-properties:config name="Secure_Properties_Config" doc:name="Secure Properties Config" doc:id="0584fa2b-a1ad-4b76-93fe-abb91105aae4" file="${env}.secure.properties" key="${secure.key}" >
		<secure-properties:encrypt algorithm="Blowfish" />
	</secure-properties:config>
	<api-gateway:autodiscovery apiId="${api.id}" ignoreBasePath="true" doc:name="API Autodiscovery" doc:id="ae74c47e-376c-4093-b192-bbc9e4764565" flowRef="hellomuleFlow" />
	
</mule>
